"Country (en)";"Country (de)";"Country (local)";"Country code";"Continent";"Capital";"Population";"Area";"Coastline";"Government form";"Currency";"Currency code";"Dialing prefix";"Birthrate";"Deathrate";"Life expectancy"
"Afghanistan";"Afghanistan";"Afganistan/Afqanestan";"AF";"Asia";;32564342;652230;0;"islamic republic";"Afghani";"AFN";93;38.6;13.9;50.9
"Egypt";"Ägypten";"Misr";"EG";"Africa";;88487396;1001450;2450;"republic";"Pfund";"EGP";20;22.9;4.8;73.7
"Albania";"Albanien";"Shqipëria";"AL";"Europe";;3029278;28748;362;"republic";"Lek";"ALL";355;12.9;6.6;78.1
"Algeria";"Algerien";"Al-Jaza’ir/Algérie";"DZ";"Africa";;39542166;2381741;998;"republic";"Dinar";"DZD";213;23.7;4.3;76.6
"American Samoa";"Amerikanisch Samoa";"Amerika Samoa";"AS";"Oceania";;54343;199;116;"territory of the United States";"Dollar";"USD";"1-684";22.9;4.8;75.1
"Andorra";"Andorra";"Andorra";"AD";"Europe";;85580;468;0;"constitutional monarchy";"Euro";"EUR";376;8.1;7;82.7
"Angola";"Angola";"Angola";"AO";"Africa";;19625353;1246700;1600;"republic";"Kwanza";"AOA";244;38.8;11.5;55.6
"Anguilla";"Anguilla";"Anguilla";"AI";"North America";;16418;91;61;"British overseas territory";"Dollar";"XCD";1809;12.7;4.6;81.3
"Antarctica";"Antarktis";"–";"AQ";"Antarctica";;0;14000000;17968;"foreign-administrated territory";;;;0;0;0
"Antigua and Barbuda";"Antigua und Barbuda";"Antigua and Barbuda";"AG";"North America";;92436;443;153;"constitutional monarchy";"Dollar";"XCD";1809;15.9;5.7;76.3
"Equatorial Guinea";"Äquatorialguinea";"Guinea Ecuatorial";"GQ";"Africa";;740743;28051;296;"republic";"Franc";"XAF";240;33.3;8.2;63.9
"Argentina";"Argentinien";"Argentina";"AR";"South America";;43431886;2780400;4989;"presidential federal republic";"Peso";"ARS";54;16.6;7.3;77.7
"Armenia";"Armenien";"Hajastan";"AM";"Asia";;3056382;29743;0;"republic";"Dram";"AMD";374;13.6;9.3;74.4
"Aruba";"Aruba";"Aruba";"AW";"North America";;112162;180;69;"autonomous territory of the Netherlands";"Florin";"AWG";297;12.6;8.2;76.6
"Azerbaijan";"Aserbaidschan";"Azärbaycan";"AZ";"Asia";;9780780;86600;0;"republic";"Manat";"AZN";994;16.6;7.1;72.2
"Ethiopia";"Äthiopien";"YeItyop´iya";"ET";"Africa";;99465819;1104300;0;"republic";"Birr";"ETB";251;37.3;8.2;61.5
"Australia";"Australien";"Australia";"AU";"Australia";;22751014;7741220;25760;"parliamentary monarchy";"Dollar";"AUD";61;12.2;7.1;82.2
"Bahamas";"Bahamas";"The Bahamas";"BS";"North America";;324597;13880;3542;"constitutional monarchy";"Dollar";"BSD";1809;15.5;7.1;72.2
"Bahrain";"Bahrain";"Al-Bahrayn";"BH";"Asia";;1346613;760;161;"constitutional monarchy";"Dinar";"BHD";973;13.7;2.7;78.7
"Bangladesh";"Bangladesch";"Bangladesh";"BD";"Asia";;168957745;143998;580;"republic";"Taka";"BDT";880;21.1;5.6;70.9
"Barbados";"Barbados";"Barbados";"BB";"North America";;290604;430;97;"constitutional monarchy";"Dollar";"BBD";1809;11.9;8.4;75.2
"Belarus";"Belarus";"Belarus";"BY";"Europe";;9589689;207600;0;"republic";"Rubel";"BYR";375;10.7;13.4;72.5
"Belgium";"Belgien";"België/Belgique";"BE";"Europe";;11323973;30528;67;"parliamentary monarchy";"Euro";"EUR";32;11.4;9.6;80.9
"Belize";"Belize";"Belize";"BZ";"Central America";;347369;22966;386;"constitutional monarchy";"Dollar";"BZD";501;24.7;6;68.6
"Benin";"Benin";"Bénin";"BJ";"Africa";;10448647;112622;121;"republic";"Franc";"XOF";229;36;8.2;61.5
"Bermuda";"Bermuda";"Bermuda";"BM";"North America";;70196;54;103;"British overseas territory";"Dollar";"BMD";1809;11.3;8.2;81.2
"Bhutan";"Bhutan";"Druk-Yul";"BT";"Asia";;741919;38394;0;"monarchy";"Ngultrum";"BTN";975;17.8;6.7;69.5
"Bolivia";"Bolivien";"Bolivia";"BO";"South America";;10800882;1098581;0;"republic";"Boliviano";"BOB";591;22.8;6.5;68.9
"Bosnia and Herzegovina";"Bosnien und Herzegowina";"Bosna i Hercegovina";"BA";"Europe";;3867055;51197;20;"republic";"Konvertible Mark";"BAM";387;8.9;9.8;76.5
"Botswana";"Botswana";"Botswana";"BW";"Africa";;2182719;581730;0;"republic";"Pula";"BWP";267;21;13.4;54.2
"Bouvet Island";"Bouvetinsel";"Bouvetøya";"BV";"Antarctica";;0;49;30;"territory of Norway";"Krone";"NOK";;0;0;0
"Brazil";"Brasilien";"Brasil";"BR";"South America";;204259812;8514877;7491;"presidential federal republic";"Real";"BRL";55;14.5;6.6;73.5
"British Indian Ocean Territory";"Britisches Territorium im Indischen Ozean";"British Indian Ocean Territory";"IO";"Africa";;0;54400;698;"British overseas territory";"Dollar";"USD";246;0;0;0
"Brunei";"Brunei";"Brunei Darussalam";"BN";"Asia";;429646;5765;161;"absolute monarchy";"Dollar";"BND";673;17.3;3.5;77
"Bulgaria";"Bulgarien";"Balgarija";"BG";"Europe";;7186893;110879;354;"republic";"Lew";"BGN";359;8.9;14.4;74.4
"Burkina Faso";"Burkina Faso";"Burkina Faso";"BF";"Africa";;18931686;274200;0;"republic";"Franc";"XOF";226;42;11.7;55.1
"Burundi";"Burundi";"Burundi/Uburundi";"BI";"Africa";;10742276;27830;0;"republic";"Franc";"BIF";257;42;9.3;60.1
"Chile";"Chile";"Chile";"CL";"South America";;17508260;756102;6435;"republic";"Peso";"CLP";56;13.8;6;78.6
"China";"China";"Zhongquo";"CN";"Asia";;1367485388;9596960;14500;"people's republic";"Yuan";"CNY";86;12.5;7.5;75.4
"Cook Islands";"Cookinseln";"The Cook Islands";"CK";"Oceania";;9838;236;120;"autonomous territory of New Zealand";"Dollar";"NZD";682;14.3;8;75.6
"Costa Rica";"Costa Rica";"Costa Rica";"CR";"Central America";;4814144;51100;1290;"republic";"Colón";"CRC";506;15.9;4.6;78.4
"Curacao";"Curaçao";"Kòrsou";"CW";"America";;146836;444;364;"autonomous territory of the Netherlands";"Gulden";"ANG";"599-9";0;8;78
"Denmark";"Dänemark";"Danmark";"DK";"Europe";;5581503;43094;7314;"constitutional monarchy";"Krone";"DKK";45;10.3;10.3;79.2
"Democratic Republic of the Congo";"Demokratische Republik Kongo";"République Démocratique du Congo";"CD";"Africa";;79375136;2344858;37;"republic";"Franc";"CDF";242;34.9;10.1;56.9
"Germany";"Deutschland";"Deutschland";"DE";"Europe";;80854408;357022;2389;"parliamentary federal republic";"Euro";"EUR";49;8.5;11.4;80.6
"Dominica";"Dominica";"Dominica";"DM";"North America";;73607;751;148;"republic";"Dollar";"XCD";1809;15.4;7.9;76.8
"Dominican Republic";"Dominikanische Republik";"República Dominicana";"DO";"North America";;10478756;48670;1288;"republic";"Peso";"DOP";1809;18.7;4.6;78
"Djibouti";"Dschibuti";"Djibouti/Jibuti";"DJ";"Africa";;828324;23200;314;"republic";"Franc";"DJF";253;23.7;7.7;62.8
"Ecuador";"Ecuador";"Ecuador";"EC";"South America";;15868396;283561;2237;"republic";"Dollar";"USD";593;18.5;5.1;76.6
"El Salvador";"El Salvador";"El Salvador";"SV";"Central America";;6141350;21041;307;"republic";"Dollar";"USD";503;16.5;5.7;74.4
"Ivory Coast";"Elfenbeinküste";"Côte d’Ivoire";"CI";"Africa";;23295302;322463;515;"republic";"Franc";"XOF";225;28.7;9.6;58.3
"Eritrea";"Eritrea";"Ertra";"ER";"Africa";;6527689;117600;2234;"republic";"Nakfa";"ERN";291;30;7.5;63.8
"Estonia";"Estland";"Eesti";"EE";"Europe";;1265420;45228;3794;"republic";"Euro";"EUR";372;10.5;12.4;76.5
"Falkland Islands";"Falklandinseln";"Falkland Islands";"FK";"South America";;3361;12173;1288;"British overseas territory";"Pfund";"FKP";500;0;0;0
"Faroe Islands";"Färöer-Inseln";"Føroyar";"FO";"Europe";;50196;1393;1117;"autonomous region of Denmark";"Krone";"DKK";298;13.8;8.7;80.2
"Fiji";"Fidschi";"Fiji Islands";"FJ";"Oceania";;909389;18274;1129;"republic";"Dollar";"FJD";679;19.4;6;72.4
"Finland";"Finnland";"Suomi";"FI";"Europe";;5476922;338145;1250;"republic";"Euro";"EUR";358;10.7;9.8;80.8
"France";"Frankreich";"France";"FR";"Europe";;66553766;643801;3427;"republic";"Euro";"EUR";33;12.4;9.2;81.8
"French Guiana";"Französisch-Guayana";"Guyane française";"GF";"South America";;181000;83534;0;"overseas territory of France";"Euro";"EUR";594;0;0;76.1
"French Polynesia";"Französisch-Polynesien";"Polynésie française";"PF";"Oceania";;282703;4167;2525;"autonomous region of France";"Franc";"XPF";689;15.2;5;77
"French Southern and Antarctic Lands";"Französische Süd- und Antarktisgebiete";"Terres australes françaises";"TF";"Antarctica";;0;439672;2800;"overseas territory of France";"Euro";"EUR";;0;0;0
"Gabon";"Gabun";"Le Gabon";"GA";"Africa";;1705336;267667;885;"republic";"Franc";"XAF";241;34.5;13.1;52
"Gambia";"Gambia";"The Gambia";"GM";"Africa";;1967709;11295;80;"republic";"Dalasi";"GMD";220;30.9;7.2;64.6
"Georgia";"Georgien";"Sakartvelo";"GE";"Asia";;4931226;69700;310;"republic";"Lari";"GEL";995;12.7;10.8;76
"Ghana";"Ghana";"Ghana";"GH";"Africa";;26327649;238533;539;"republic";"Ghana Cedi";"GHS";233;31.1;7.2;66.2
"Gibraltar";"Gibraltar";"Gibraltar";"GI";"Europe";;29258;7;12;"British overseas territory";"Pfund";"GIP";350;14.1;8.4;79.3
"Grenada";"Grenada";"Grenada";"GD";"North America";;110694;344;121;"constitutional monarchy";"Dollar";"XCD";1809;16;8.1;74
"Greece";"Griechenland";"Elláda";"GR";"Europe";;10775643;131957;13676;"republic";"Euro";"EUR";30;8.7;11.1;80.4
"Greenland";"Grönland";"Kalaallit Nunaat/Grønland";"GL";"North America";;57733;2166086;44087;"autonomous region of Denmark";"Krone";"DKK";299;14.5;8.5;72.1
"Guadeloupe";"Guadeloupe";"Guadeloupe";"GP";"North America";;456000;1628;0;"overseas territory of France";"Euro";"EUR";590;0;0;77
"Guam";"Guam";"Guam";"GU";"Oceania";;161785;544;126;"territory of the United States";"Dollar";"USD";671;16.8;5.1;79
"Guatemala";"Guatemala";"Guatemala";"GT";"Central America";;14918999;108889;400;"republic";"Quetzal";"GTQ";502;24.9;4.8;72
"Guernsey";"Guernsey";"Bailiwick of Guernsey";"GG";"Europe";;66080;78;50;"parliamentary democracy";"Pfund";"GGP";44;9.8;8.8;82.5
"Guinea";"Guinea";"Guinée";"GN";"Africa";;11780162;245857;320;"republic";"Franc";"GNF";224;35.7;9.5;60.1
"Guinea-Bissau";"Guinea-Bissau";"Guiné-Bissau";"GW";"Africa";;1726170;36125;350;"republic";"Franc";"XOF";245;33.4;14.3;50.2
"Guyana";"Guyana";"Guyana";"GY";"South America";;735222;214969;459;"republic";"Dollar";"GYD";592;15.6;7.3;68.1
"Haiti";"Haiti";"Haïti/Dayti";"HT";"North America";;10110019;27750;1771;"republic";"Gourde";"HTG";509;22.3;7.8;63.5
"Heard Island and McDonald Islands";"Heard und McDonaldinseln";"Heard and McDonald Islands";"HM";"Antarctica";;0;412;102;"territory of Australia";"Dollar";"AUD";;0;0;0
"Honduras";"Honduras";"Honduras";"HN";"Central America";;8746673;112090;669;"republic";"Lempira";"HNL";504;23.1;5.2;71
"Hong Kong";"Hongkong";"Xianggang/Hong Kong";"HK";"Asia";;7141106;1108;733;"special administrative region of China";"Dollar";"HKD";852;9.2;7.1;82.9
"India";"Indien";"Bharat/India";"IN";"Asia";;1251695584;3287263;7000;"parliamentary federal republic";"Rupie";"INR";91;19.6;7.3;68.1
"Indonesia";"Indonesien";"Indonesia";"ID";"Asia";;255993674;1904569;54716;"republic";"Rupiah";"IDR";62;16.7;6.4;72.5
"Isle of Man";"Insel Man";"Isle of Man";"IM";"Europe";;87545;572;160;"parliamentary democracy";"Pfund";"IMP";"44-1624";11.1;10.1;81.1
"Iraq";"Irak";"Al-´Iraq";"IQ";"Asia";;37056169;438317;58;"republic";"Dinar";"IQD";964;31.5;3.8;74.8
"Iran";"Iran";"Iran";"IR";"Asia";;81824270;1648195;2440;"islamic republic";"Rial";"IRR";98;18;5.9;71.2
"Ireland";"Irland";"Ireland/Éire";"IE";"Europe";;4892305;70273;1448;"republic";"Euro";"EUR";353;14.8;6.5;80.7
"Iceland";"Island";"Ísland";"IS";"Europe";;331918;103000;4970;"republic";"Krone";"ISK";354;13.9;6.3;83
"Israel";"Israel";"Yisra’el/Isra’il";"IL";"Asia";;8049314;20770;273;"republic";"Schekel";"ILS";972;18.5;5.2;82.3
"Italy";"Italien";"Italia";"IT";"Europe";;61855120;301340;7600;"republic";"Euro";"EUR";39;8.7;10.2;82.1
"Jamaica";"Jamaika";"Jamaica";"JM";"North America";;2950210;10991;1022;"constitutional monarchy";"Dollar";"JMD";1876;18.2;6.7;73.5
"Japan";"Japan";"Nihon/Nippon";"JP";"Asia";;126919659;377915;29751;"constitutional monarchy";"Yen";"JPY";81;7.9;9.5;84.7
"Yemen";"Jemen";"Al-Yaman";"YE";"Asia";;26737317;527968;1906;"republic";"Rial";"YER";967;30;6.3;65.2
"Jersey";"Jersey";"Bailiwick of Jersey";"JE";"Europe";;97294;116;70;"parliamentary democracy";"Pfund-Sterling";"JEP";44;11.9;7.7;81.8
"Jordan";"Jordanien";"Al-Urdunn";"JO";"Asia";;8117564;89342;26;"constitutional monarchy";"Dinar";"JOD";962;25.4;3.8;74.3
"British Virgin Islands";"Jungferninseln (UK)";"British Virgin Islands";"VG";"North America";;33454;151;80;"British overseas territory";"Dollar";"USD";"1-284";10.9;5;78.5
"Virgin Islands";"Jungferninseln (US)";"Virgin Islands of the United States";"VI";"North America";;103574;1910;188;"territory of the United States";"Dollar";"USD";1809;10.3;8.5;79.9
"Cayman Islands";"Kaimaninseln";"Cayman Islands";"KY";"North America";;56092;264;160;"British overseas territory";"Cayman-Dollar";"KYD";1809;12.1;5.5;81.1
"Cambodia";"Kambodscha";"Kâmpuchéa";"KH";"Asia";;15708756;181035;443;"constitutional monarchy";"Riel";"KHR";855;23.8;7.7;64.1
"Cameroon";"Kamerun";"Cameroun/Cameroon";"CM";"Africa";;23739218;475440;402;"republic";"Franc";"XAF";237;36.2;10.1;57.9
"Canada";"Kanada";"Canada";"CA";"North America";;35099836;9984670;202080;"parliamentary monarchy";"Dollar";"CAD";1;10.3;8.4;81.8
"Cape Verde";"Kap Verde";"Cabo Verde";"CV";"Africa";;545993;4033;965;"republic";"Escudo";"CVE";238;20.3;6.1;71.8
"Kazakhstan";"Kasachstan";"Qazaqstan";"KZ";"Asia";;18157122;2724900;0;"republic";"Tenge";"KZT";7;19.2;8.2;70.5
"Qatar";"Katar";"Qatar";"QA";"Asia";;2194817;11586;563;"monarchy";"Dollar";"QAR";974;9.8;1.5;78.6
"Kenya";"Kenia";"Kenya";"KE";"Africa";;45925301;580367;536;"republic";"Schilling";"KES";254;26.4;6.9;63.8
"Kyrgyzstan";"Kirgisistan";"Kyrgyzstan";"KG";"Asia";;5664939;199951;0;"republic";"Som";"KGS";996;23;6.7;70.4
"Kiribati";"Kiribati";"Kiribati";"KI";"Oceania";;105711;811;1143;"republic";"Dollar";"AUD";686;21.5;7.1;65.8
"Cocos Islands";"Kokosinseln";"Cocos (Keeling) Islands";"CC";"Australia";;596;14;26;"territory of Australia";"Dollar";"AUD";891;0;0;0
"Colombia";"Kolumbien";"Colombia";"CO";"South America";;46736728;1138910;3208;"republic";"Peso";"COP";57;16.5;5.4;75.5
"Comoros";"Komoren";"Komori/Comores";"KM";"Africa";;780971;2235;340;"republic";"Franc";"KMF";269;27.8;7.6;63.9
"Republic of the Congo";"Kongo";"Congo";"CG";"Africa";;4755097;342000;169;"republic";"Franc";"CDF";242;35.9;10;58.8
"Kosovo";"Kosovo";"Kosova";"XK";"Europe";;1870981;10887;0;"parliamentary democracy";"Euro";"EUR";383;0;0;69
"Croatia";"Kroatien";"Hrvatska";"HR";"Europe";;4464844;56594;5835;"republic";"Kuna";"HRK";385;9.5;12.2;76.6
"Cuba";"Kuba";"Cuba";"CU";"North America";;11031433;110860;3735;"socialist republic";"Peso";"CUP";53;9.9;7.7;78.4
"Kuwait";"Kuwait";"Al-Kuwayt";"KW";"Asia";;2788534;17818;499;"constitutional monarchy";"Dinar";"KWD";965;19.9;2.2;77.8
"Laos";"Laos";"Lao";"LA";"Asia";;6911544;236800;0;"republic";"Kip";"LAK";856;24.3;7.6;63.9
"Lesotho";"Lesotho";"Lesotho";"LS";"Africa";;1947701;30355;0;"constitutional monarchy";"Loti";"LSL";266;25.5;14.9;52.9
"Latvia";"Lettland";"Latvija";"LV";"Europe";;1986705;64589;498;"republic";"Euro";"EUR";371;10;14.3;74.2
"Lebanon";"Libanon";"Lubnan";"LB";"Asia";;6184701;10400;225;"republic";"Pfund";"LBP";961;14.6;4.9;77.4
"Liberia";"Liberia";"Liberia";"LR";"Africa";;4195666;111369;579;"republic";"Dollar";"LRD";231;34.4;9.7;58.6
"Libya";"Libyen";"Libiya";"LY";"Africa";;6411776;1759540;1770;"islamic-socialist people's republic";"Dinar";"LYD";218;18;3.6;76.3
"Liechtenstein";"Liechtenstein";"Liechtenstein";"LI";"Europe";;37624;160;0;"constitutional monarchy";"Franken";"CHF";423;10.5;7.1;81.8
"Lithuania";"Litauen";"Lietuva";"LT";"Europe";;2884433;65300;90;"republic";"Litas";"LTL";370;10.1;14.3;74.7
"Luxembourg";"Luxemburg";"Luxembourg/Lëtzebuerg";"LU";"Europe";;570252;2586;0;"constitutional monarchy";"Euro";"EUR";352;11.4;7.2;82.2
"Macau";"Macau";"Macau/Aomen";"MO";"Asia";;592731;28;41;"special administrative region of China";"Pataca";"MOP";853;8.9;4.2;84.5
"Madagascar";"Madagaskar";"Madagasikara/Madagascar";"MG";"Africa";;23812681;587041;4828;"republic";"Ariary";"MGA";261;32.6;6.8;65.5
"Malawi";"Malawi";"Malawi";"MW";"Africa";;17964697;118484;0;"republic";"Kwacha";"MWK";265;41.6;8.4;60.7
"Malaysia";"Malaysia";"Malaysia";"MY";"Asia";;30513848;329847;4675;"parliamentary monarchy";"Ringgit";"MYR";60;19.7;5;74.8
"Maldives";"Malediven";"Dhivehi Raajje/Maldives";"MV";"Asia";;393253;298;644;"republic";"Rufiyaa";"MVR";960;15.8;3.9;75.4
"Mali";"Mali";"Mali";"ML";"Africa";;16955536;1240192;0;"republic";"Franc";"XOF";223;45;12.9;55.3
"Malta";"Malta";"Malta";"MT";"Europe";;413965;316;197;"republic";"Euro";"EUR";356;10.2;9.1;80.2
"Morocco";"Marokko";"Al-Maghrib";"MA";"Africa";;33322699;446550;1835;"constitutional monarchy";"Dirham";"MAD";212;18.2;4.8;76.7
"Marshall Islands";"Marshallinseln";"Marshall Islands/Majol";"MH";"Oceania";;72191;181;370;"republic";"Dollar";"USD";692;25.6;4.2;72.8
"Martinique";"Martinique";"Martinique";"MQ";"North America";;395000;1128;0;"overseas territory of France";"Euro";"EUR";596;0;0;78.3
"Mauritania";"Mauretanien";"Muritaniya/Mauritanie";"MR";"Africa";;3596702;1030700;754;"republic";"Ouguiya";"MRO";222;31.3;8.2;62.6
"Mauritius";"Mauritius";"Mauritius";"MU";"Africa";;1339827;2040;177;"republic";"Rupie";"MUR";230;13.3;6.9;75.4
"Mayotte";"Mayotte";"Mayotte";"YT";"Africa";;223765;374;0;"overseas territory of France";"Euro";"EUR";269;39.3;0;62.9
"Macedonia";"Mazedonien";"Makedonija";"MK";"Europe";;2096015;25713;0;"republic";"Denar";"MKD";389;11.6;9.1;76
"Mexico";"Mexiko";"México";"MX";"Central America";;121736809;1964375;9330;"presidential federal republic";"Peso";"MXN";52;18.8;5.3;75.7
"Micronesia, Federated States of";"Mikronesien";"Micronesia";"FM";"Oceania";;105216;702;6112;"federal republic";"Dollar";"USD";691;20.5;4.2;72.6
"Moldova";"Moldau";"Moldova";"MD";"Europe";;3546847;33851;0;"republic";"Leu";"MDL";373;12;12.6;70.4
"Monaco";"Monaco";"Monaco";"MC";"Europe";;30535;2;4;"constitutional monarchy";"Euro";"EUR";3393;6.7;9.2;89.5
"Mongolia";"Mongolei";"Mongol Uls";"MN";"Asia";;2992908;1564116;0;"republic";"Tögrög";"MNT";976;20.3;6.4;69.3
"Montenegro";"Montenegro";;"ME";"Europe";;647073;13812;294;"republic";"Euro";"EUR";382;10.4;9.4;0
"Montserrat";"Montserrat";"Montserrat";"MS";"North America";;5241;102;40;"British overseas territory";"Dollar";"XCD";1809;11.3;6.3;74.1
"Mozambique";"Mosambik";"Moçambique";"MZ";"Africa";;25303113;799380;2470;"republic";"Metical";"MZN";258;38.6;12.1;52.9
"Burma";"Myanmar";"Myanma Pye";"MM";"Asia";;56320206;676578;1930;"republic";"Kyat";"MMK";95;18.4;8;66.3
"Namibia";"Namibia";"Namibia";"NA";"Africa";;2212307;824292;1572;"republic";"Dollar";"NAD";264;19.8;13.9;51.6
"Nauru";"Nauru";"Naoero/Nauru";"NR";"Oceania";;9540;21;30;"republic";"Dollar";"AUD";674;25;5.9;66.8
"Nepal";"Nepal";"Nepal";"NP";"Asia";;31551305;147181;0;"constitutional monarchy";"Rupie";"NPR";977;20.6;6.6;67.5
"New Caledonia";"Neukaledonien";"Nouvelle-Calédonie";"NC";"Oceania";;271615;18575;2254;"overseas community of France";"Franc";"XPF";687;15.3;5.5;77.5
"New Zealand";"Neuseeland";"New Zealand/Aotearoa";"NZ";"Australia";;4438393;267710;15134;"constitutional monarchy";"Dollar";"NZD";64;13.3;7.4;81
"Nicaragua";"Nicaragua";"Nicaragua";"NI";"Central America";;5907881;130370;910;"republic";"Córdoba Oro";"NIO";505;18;5.1;73
"Netherlands";"Niederlande";"Nederland";"NL";"Europe";;16947904;41543;451;"constitutional monarchy";"Euro";"EUR";31;10.8;8.7;81.2
"Netherlands Antilles";"Niederländische Antillen";"Nederlandse Antillen";"AN";"North America";;227049;800;0;"territory of the Netherlands";"Gulden";"ANG";599;14.2;0;76.7
"Niger";"Niger";"Niger";"NE";"Africa";;18045729;1267000;0;"republic";"Franc";"XOF";227;45.5;12.4;55.1
"Nigeria";"Nigeria";"Nigeria";"NG";"Africa";;181562056;923768;853;"presidential federal republic";"Naira";"NGN";234;37.6;12.9;53
"Niue";"Niue";"Niue";"NU";"Oceania";;1190;260;64;"autonomous territory of New Zealand";"Dollar";"NZD";683;0;0;0
"North Korea";"Nordkorea";"Choson Minjujuui In´min Konghwaguk (Bukhan)";"KP";"Asia";;24983205;120538;2495;"socialist republic";"Won";"KPW";850;14.5;9.2;70.1
"Northern Mariana Islands";"Nördliche Marianen";"Northern Mariana Islands";"MP";"Oceania";;52344;464;1482;"territory of the United States";"Dollar";"USD";"1-670";18.3;3.7;77.8
"Norfolk Island";"Norfolkinsel";"Norfolk Island";"NF";"Australia";;2210;36;32;"territory of Australia";"Dollar";"AUD";6723;0;0;0
"Norway";"Norwegen";"Norge";"NO";"Europe";;5207689;323802;25148;"constitutional monarchy";"Krone";"NOK";47;12.1;8.1;81.7
"Oman";"Oman";"´Uman";"OM";"Asia";;3286936;309500;2092;"absolute monarchy";"Rial";"OMR";968;24.4;3.4;75.2
"Austria";"Österreich";"Österreich";"AT";"Europe";;8665550;83871;0;"federal republic";"Euro";"EUR";43;9.4;9.4;81.4
"Pakistan";"Pakistan";"Pakistan";"PK";"Asia";;199085847;796095;1046;"republic";"Rupie";"PKR";92;22.6;6.5;67.4
"Palestine";"Palästina";"Filastin";"PS";"Asia";;2731052;5860;0;"autonomous region";"Schekel";"ILS";970;23.4;3.5;75.7
"Palau";"Palau";"Belau/Palau";"PW";"Oceania";;21265;459;1519;"republic";"Dollar";"USD";680;11.1;8;72.9
"Panama";"Panama";"Panamá";"PA";"Central America";;3657024;75420;2490;"republic";"Balboa";"PAB";507;18.3;4.8;78.5
"Papua New Guinea";"Papua-Neuguinea";"Papua New Guinea/Papua Niugini";"PG";"Oceania";;6672429;462840;5152;"constitutional monarchy";"Kina";"PGK";675;24.4;6.5;67
"Paraguay";"Paraguay";"Paraguay";"PY";"South America";;6783272;406752;0;"republic";"Guaraní";"PYG";595;16.4;4.7;77
"Peru";"Peru";"Perú/Piruw";"PE";"South America";;30444999;1285216;2414;"republic";"Nuevo Sol";"PEN";51;18.3;6;73.5
"Philippines";"Philippinen";"Pilipinas";"PH";"Asia";;100998376;300000;36289;"republic";"Peso";"PHP";63;24.3;6.1;69
"Pitcairn Islands";"Pitcairninseln";"Pitcairn";"PN";"Oceania";;48;47;51;"British overseas territory";"Pfund";"GBP";649;0;0;0
"Poland";"Polen";"Polska";"PL";"Europe";;38562189;312685;440;"republic";"Zloty";"PLN";48;9.7;10.2;77.4
"Portugal";"Portugal";"Portugal";"PT";"Europe";;10825309;92090;1793;"republic";"Euro";"EUR";351;9.3;11;79.2
"Puerto Rico";"Puerto Rico";"Puerto Rico";"PR";"North America";;3598357;13790;501;"territory of the United States";"Dollar";"USD";1809;10.9;8.7;79.2
"Reunion";"Réunion";"Réunion";"RE";"Africa";;699000;2512;0;"overseas territory of France";"Euro";"EUR";262;0;0;72.7
"Rwanda";"Ruanda";"Rwanda/Urwanda";"RW";"Africa";;12661733;26338;0;"republic";"Franc";"RWF";250;33.8;9;59.7
"Romania";"Rumänien";"România";"RO";"Europe";;21666350;238391;225;"republic";"Leu";"RON";40;9.1;11.9;74.9
"Russia";"Russland";"Rossija";"RU";"Europe";;142423773;17098242;37653;"presidential federal republic";"Rubel";"RUB";7;11.6;13.7;70.5
"Solomon Islands";"Salomonen";"Solomon Islands";"SB";"Oceania";;622469;28896;5313;"constitutional monarchy";"Dollar";"SBD";677;25.8;3.9;75.1
"Zambia";"Sambia";"Zambia";"ZM";"Africa";;15066266;752618;0;"republic";"Kwacha";"ZMK";260;42.1;12.7;52.1
"Samoa";"Samoa";"Samoa";"WS";"Oceania";;197773;2831;403;"parliamentary monarchy";"Tala";"WST";685;20.9;5.3;73.5
"San Marino";"San Marino";"San Marino";"SM";"Europe";;33020;61;0;"republic";"Euro";"EUR";378;8.6;8.5;83.2
"Saint Barthelemy";"Sankt Bartholomäus";"Saint-Barthélemy";"BL";"America";;7237;21;0;"territory of France";"Euro";"EUR";590;0;0;0
"Sao Tome and Principe";"São Tomé und Príncipe";"São Tomé e Príncipe";"ST";"Africa";;194006;964;209;"republic";"Dobra";"STD";239;34.2;7.2;64.6
"Saudi Arabia";"Saudi-Arabien";"Al-´Arabiya as-Sa´udiya";"SA";"Asia";;27752316;2149690;2640;"monarchy";"Riyal";"SAR";966;18.5;3.3;75
"Sweden";"Schweden";"Sverige";"SE";"Europe";;9801616;450295;3218;"constitutional monarchy";"Krone";"SEK";46;12;9.4;82
"Switzerland";"Schweiz";"Schweiz/Suisse/Svizzera/Svizra";"CH";"Europe";;8121830;41277;0;"federation";"Franken";"CHF";41;10.5;8.1;82.5
"Senegal";"Senegal";"Sénégal/Sounougal";"SN";"Africa";;13975834;196722;531;"republic";"Franc";"XOF";221;34.5;8.5;61.3
"Serbia";"Serbien";;"RS";"Europe";;7176794;77474;0;"parliamentary republic";"Dinar";"RSD";381;9.1;13.7;75.3
"Seychelles";"Seychellen";"Sesel/Seychelles";"SC";"Africa";;92430;455;491;"republic";"Rupie";"SCR";248;14.2;6.9;74.5
"Sierra Leone";"Sierra Leone";"Sierra Leone";"SL";"Africa";;5879098;71740;402;"republic";"Leone";"SLL";232;37;10.8;57.8
"Zimbabwe";"Simbabwe";"Zimbabwe";"ZW";"Africa";;14229541;390757;0;"republic";"Dollar";"ZWL";263;32.3;10.1;57
"Singapore";"Singapur";"Singapore/Singapura/Xinjiapo/Singapur";"SG";"Asia";;5674472;697;193;"republic";"Dollar";"SGD";65;8.3;3.4;84.7
"Saint Martin";"Sint Maarten";"Sint Maarten";"SX";"America";;31754;54;59;"autonomous territory of the Netherlands";"Gulden";"ANG";"1-721";13;4.5;77.6
"Slovakia";"Slowakei";"Slovensko";"SK";"Europe";;5445027;49035;0;"republic";"Euro";"EUR";42;9.9;9.7;76.9
"Slovenia";"Slowenien";"Slovenija";"SI";"Europe";;1983412;20273;47;"republic";"Euro";"EUR";386;8.4;11.4;78
"Somalia";"Somalia";"Soomaaliya";"SO";"Africa";;10616380;637657;3025;"republic";"Schilling";"SOS";252;40.5;13.6;52
"Spain";"Spanien";"España";"ES";"Europe";;48146134;505370;4964;"constitutional monarchy";"Euro";"EUR";34;9.6;9;81.6
"Sri Lanka";"Sri Lanka";"Sri Lanka/Ilankai";"LK";"Asia";;22053488;65610;1340;"republic";"Rupie";"LKR";94;15.9;6.1;76.6
"Saint Helena, Ascension and Tristan da Cunha";"St. Helena";"Saint Helena";"SH";"Africa";;7795;308;60;"British overseas territory";"Pfund";"SHP";290;9.9;7.4;79.4
"Saint Kitts and Nevis";"St. Kitts und Nevis";"Saint Kitts and Nevis";"KN";"North America";;51936;261;135;"constitutional monarchy";"Dollar";"XCD";1809;13.5;7.1;75.5
"Saint Lucia";"St. Lucia";"Saint Lucia";"LC";"North America";;163922;616;158;"constitutional monarchy";"Dollar";"XCD";1809;13.7;7.4;77.6
"Saint Pierre and Miquelon";"St. Pierre und Miquelon";"Saint-Pierre-et-Miquelon";"PM";"North America";;5657;242;120;"overseas territory of France";"Euro";"EUR";508;7.4;9.7;80.4
"Saint Vincent and the Grenadines";"St. Vincent und die Grenadinen";"Saint Vincent and the Grenadines";"VC";"North America";;102627;389;84;"constitutional monarchy";"Dollar";"XCD";1809;13.6;7.2;75.1
"South Africa";"Südafrika";"South Africa";"ZA";"Africa";;53675563;1219090;2798;"republic";"Rand";"ZAR";27;20.8;9.9;62.3
"Sudan";"Sudan";"As-Sudan";"SD";"Africa";;36108853;1861484;853;"islamic republic";"Pfund";"SDG";249;29.2;7.7;63.7
"South Georgia and South Sandwich Islands";"Südgeorgien und die Südlichen Sandwichinseln";"South Georgia and the South Sandwich Islands";"GS";"Antarctica";;30;4066;0;"British overseas territory";"Pfund";"GBP";500;0;0;0
"South Korea";"Südkorea";"Taehan Min’guk (Namhan)";"KR";"Asia";;49115196;99720;2413;"republic";"Won";"KRW";82;8.2;6.8;80
"South Sudan";"Südsudan";"Republic of South Sudan";"SS";"Africa";;12042910;644329;0;"federal republic";"Pfund";"SSP";211;36.9;8.2;0
"Suriname";"Suriname";"Suriname";"SR";"South America";;579633;163820;386;"republic";"Dollar";"SRD";597;16.3;6.1;72
"Svalbard";"Svalbard und Jan Mayen";"Svalbard og Jan Mayen";"SJ";"Europe";;1872;377;124;"territory of Norway";"Krone";"NOK";47;0;0;0
"Swaziland";"Swasiland";"kaNgwane";"SZ";"Africa";;1435613;17364;0;"monarchy";"Lilangeni";"SZL";268;24.7;13.6;51
"Syria";"Syrien";"Suriya";"SY";"Asia";;17064854;185180;193;"republic";"Pfund";"SYP";963;22.2;4;74.7
"Tajikistan";"Tadschikistan";"Toçikiston";"TJ";"Asia";;8191958;143100;0;"republic";"Somoni";"TJS";992;24.4;6.2;67.4
"Taiwan";"Taiwan";"T’ai-wan";"TW";"Asia";;23415126;35980;1566;"republic";"Dollar";"TWD";886;8.5;7.1;80
"Tanzania";"Tansania";"Tanzania";"TZ";"Africa";;51045882;947300;1424;"republic";"Schilling";"TZS";255;36.4;8;61.7
"Thailand";"Thailand";"Prathet Thai";"TH";"Asia";;67976405;513120;3219;"constitutional monarchy";"Baht";"THB";66;11.2;7.8;74.4
"Timor-Leste";"Timor-Leste";"Timor Timur";"TL";"Asia";;1231116;14874;706;"republic";"Dollar";"USD";670;34.2;6.1;67.7
"Togo";"Togo";"Togo";"TG";"Africa";;7552318;56785;56;"republic";"Franc";"XOF";228;34.1;7.3;64.5
"Tokelau";"Tokelau";"Tokelau";"TK";"Oceania";;1337;12;101;"territory of New Zealand";"Dollar";"NZD";690;0;0;0
"Tonga";"Tonga";"Tonga";"TO";"Oceania";;106501;747;419;"monarchy";"Pa'anga";"TOP";676;23;4.9;76
"Trinidad and Tobago";"Trinidad und Tobago";"Trinidad and Tobago";"TT";"North America";;1222363;5128;362;"republic";"Dollar";"TTD";296;13.5;8.6;72.6
"Chad";"Tschad";"Tchad/Tshad";"TD";"Africa";;11631456;1284000;0;"republic";"Franc";"XAF";235;36.6;14.3;49.8
"Czech Republic";"Tschechien";;"CZ";"Europe";;10644842;78867;0;"republic";"Krone";"CZK";42;9.6;10.3;78.5
"Tunisia";"Tunesien";"Tunis/Tunisie";"TN";"Africa";;11037225;163610;1148;"republic";"Dinar";"TND";216;16.6;6;75.9
"Turkey";"Türkei";"Türkiye";"TR";"Asia";;79414269;783562;7200;"republic";"Lira";"TRY";90;16.3;5.9;74.6
"Turkmenistan";"Turkmenistan";"Türkmenostan";"TM";"Asia";;5231422;488100;0;"republic";"Manat";"TMT";993;19.4;6.1;69.8
"Turks and Caicos Islands";"Turks und Caicosinseln";"The Turks and Caicos Islands";"TC";"North America";;50280;948;389;"British overseas territory";"Dollar";"USD";"1-649";16.1;3.1;79.7
"Tuvalu";"Tuvalu";"Tuvalu";"TV";"Oceania";;10869;26;24;"constitutional monarchy";"Dollar";"AUD";688;23.7;8.7;66.2
"Uganda";"Uganda";"Uganda";"UG";"Africa";;37101745;241038;0;"republic";"Schilling";"UGX";256;43.8;10.7;54.9
"Ukraine";"Ukraine";"Ukrajina";"UA";"Europe";;44429471;603550;2782;"republic";"Hrywnja";"UAH";380;10.7;14.5;71.6
"Hungary";"Ungarn";"Magyarország";"HU";"Europe";;9897541;93028;0;"republic";"Forint";"HUF";36;9.2;12.7;75.7
"Uruguay";"Uruguay";"Uruguay";"UY";"South America";;3341893;176215;660;"republic";"Peso";"UYU";598;13.1;9.5;77
"Uzbekistan";"Usbekistan";"Uzbekiston";"UZ";"Asia";;29199942;447400;0;"republic";"So'm";"UZS";998;17;5.3;73.5
"Vanuatu";"Vanuatu";"Vanuatu";"VU";"Oceania";;272264;12189;2528;"republic";"Vatu";"VUV";678;25;4.1;73.1
"Holy See (Vatican City)";"Vatikanstadt";"Santa Sede/Città del Vaticano";"VA";"Europe";;842;0;0;"monarchy";"Euro";"EUR";396;0;0;0
"Venezuela";"Venezuela";"Venezuela";"VE";"South America";;29275460;912050;2800;"presidential federal republic";"Bolívar Fuerte";"VEF";58;19.2;5.3;74.5
"United Arab Emirates";"Vereinigte Arabische Emirate";"Al-Imarat al-´Arabiya al-Muttahida";"AE";"Asia";;5779760;83600;1318;"constitutional monarchy";"Dirham";"AED";971;15.4;2;77.3
"United States";"Vereinigte Staaten von Amerika";"United States";"US";"North America";;321368864;9826675;19924;"presidential federal republic";"Dollar";"USD";1;12.5;8.2;79.7
"United Kingdom";"Vereinigtes Königreich";"United Kingdom";"GB";"Europe";;64088222;243610;12429;"constitutional monarchy";"Pfund";"GBP";44;12.2;9.4;80.5
"Vietnam";"Vietnam";"Viêt Nam";"VN";"Asia";;94348835;331210;3444;"socialist republic";"Dong";"VND";84;16;5.9;73.2
"Wallis and Futuna";"Wallis und Futuna";"Wallis-et-Futuna";"WF";"Oceania";;15613;142;129;"overseas community of France";"Franc";"XPF";681;13.5;5.1;79.6
"Christmas Island";"Weihnachtsinsel";"Christmas Island";"CX";"Australia";;1530;135;139;"territory of Australia";"Dollar";"AUD";6724;0;0;0
"Western Sahara";"Westsahara";"As-Sahrawiya";"EH";"Africa";;570866;266000;1110;"autonomous region of Morocco";"Dirham";"MAD";;30.2;8.3;62.6
"Central African Republic";"Zentralafrikanische Republik";"Centrafrique/Bê-Afrîka";"CF";"Africa";;5391539;622984;0;"republic";"Franc";"XAF";236;35.1;13.8;51.8
"Cyprus";"Zypern";"Kýpros/Kibris";"CY";"Asia";;1189197;9251;648;"republic";"Euro";"EUR";357;11.4;6.6;78.5
